{
  "token_to_id": {
    "[PAD]": 0,
    "[UNK]": 1,
    "[BOS]": 2,
    "[EOS]": 3,
    "[BAR_START]": 4,
    "[LINE_START]": 5,
    "[SEP_INPUT_FLOW]": 6,
    "[END_KICK_EVENTS]": 7,
    "[END_SNARE_EVENTS]": 8,
    "[END_HIHAT_EVENTS]": 9,
    "[END_BASS_EVENTS]": 10,
    "[NO_KICK_EVENTS]": 11,
    "[NO_SNARE_EVENTS]": 12,
    "[NO_HIHAT_EVENTS]": 13,
    "[NO_BASS_EVENTS]": 14,
    "[BPM_0_79]": 15,
    "[BPM_80_89]": 16,
    "[BPM_90_99]": 17,
    "[BPM_100_109]": 18,
    "[BPM_110_119]": 19,
    "[BPM_120_129]": 20,
    "[BPM_130_139]": 21,
    "[BPM_140_149]": 22,
    "[BPM_150_159]": 23,
    "[BPM_160_169]": 24,
    "[BPM_170_179]": 25,
    "[BPM_180_250]": 26,
    "[BPM_UNKNOWN]": 27,
    "[TIMESIG_4_4]": 28,
    "[TIMESIG_3_4]": 29,
    "[TIMESIG_OTHER]": 30,
    "[KICK_AT_0]": 31,
    "[KICK_AT_1]": 32,
    "[KICK_AT_2]": 33,
    "[KICK_AT_3]": 34,
    "[KICK_AT_4]": 35,
    "[KICK_AT_5]": 36,
    "[KICK_AT_6]": 37,
    "[KICK_AT_7]": 38,
    "[KICK_AT_8]": 39,
    "[KICK_AT_9]": 40,
    "[KICK_AT_10]": 41,
    "[KICK_AT_11]": 42,
    "[KICK_AT_12]": 43,
    "[KICK_AT_13]": 44,
    "[KICK_AT_14]": 45,
    "[KICK_AT_15]": 46,
    "[SNARE_AT_0]": 47,
    "[SNARE_AT_1]": 48,
    "[SNARE_AT_2]": 49,
    "[SNARE_AT_3]": 50,
    "[SNARE_AT_4]": 51,
    "[SNARE_AT_5]": 52,
    "[SNARE_AT_6]": 53,
    "[SNARE_AT_7]": 54,
    "[SNARE_AT_8]": 55,
    "[SNARE_AT_9]": 56,
    "[SNARE_AT_10]": 57,
    "[SNARE_AT_11]": 58,
    "[SNARE_AT_12]": 59,
    "[SNARE_AT_13]": 60,
    "[SNARE_AT_14]": 61,
    "[SNARE_AT_15]": 62,
    "[HIHAT_AT_0]": 63,
    "[HIHAT_AT_1]": 64,
    "[HIHAT_AT_2]": 65,
    "[HIHAT_AT_3]": 66,
    "[HIHAT_AT_4]": 67,
    "[HIHAT_AT_5]": 68,
    "[HIHAT_AT_6]": 69,
    "[HIHAT_AT_7]": 70,
    "[HIHAT_AT_8]": 71,
    "[HIHAT_AT_9]": 72,
    "[HIHAT_AT_10]": 73,
    "[HIHAT_AT_11]": 74,
    "[HIHAT_AT_12]": 75,
    "[HIHAT_AT_13]": 76,
    "[HIHAT_AT_14]": 77,
    "[HIHAT_AT_15]": 78,
    "[BASS_AT_0]": 79,
    "[BASS_AT_1]": 80,
    "[BASS_AT_2]": 81,
    "[BASS_AT_3]": 82,
    "[BASS_AT_4]": 83,
    "[BASS_AT_5]": 84,
    "[BASS_AT_6]": 85,
    "[BASS_AT_7]": 86,
    "[BASS_AT_8]": 87,
    "[BASS_AT_9]": 88,
    "[BASS_AT_10]": 89,
    "[BASS_AT_11]": 90,
    "[BASS_AT_12]": 91,
    "[BASS_AT_13]": 92,
    "[BASS_AT_14]": 93,
    "[BASS_AT_15]": 94,
    "[SYLLABLES_0]": 95,
    "[SYLLABLES_1]": 96,
    "[SYLLABLES_2]": 97,
    "[SYLLABLES_3]": 98,
    "[SYLLABLES_4]": 99,
    "[SYLLABLES_5]": 100,
    "[SYLLABLES_6]": 101,
    "[SYLLABLES_7]": 102,
    "[SYLLABLES_8]": 103,
    "[SYLLABLES_9]": 104,
    "[SYLLABLES_10]": 105,
    "[SYLLABLES_11]": 106,
    "[SYLLABLES_12]": 107,
    "[SYLLABLES_13]": 108,
    "[SYLLABLES_14]": 109,
    "[SYLLABLES_15]": 110,
    "[SYLLABLES_16]": 111,
    "[SYLLABLES_17]": 112,
    "[SYLLABLES_18]": 113,
    "[SYLLABLES_19]": 114,
    "[SYLLABLES_20]": 115,
    "[SYLLABLES_21]": 116,
    "[SYLLABLES_22]": 117,
    "[SYLLABLES_23]": 118,
    "[SYLLABLES_24]": 119,
    "[OFFSET_BIN_0]": 120,
    "[OFFSET_BIN_1]": 121,
    "[OFFSET_BIN_2]": 122,
    "[OFFSET_BIN_3]": 123,
    "[OFFSET_BIN_4]": 124,
    "[OFFSET_BIN_5]": 125,
    "[OFFSET_BIN_6]": 126,
    "[OFFSET_BIN_7]": 127,
    "[OFFSET_BIN_8]": 128,
    "[OFFSET_BIN_9]": 129,
    "[OFFSET_BIN_10]": 130,
    "[OFFSET_BIN_11]": 131,
    "[OFFSET_BIN_12]": 132,
    "[OFFSET_BIN_13]": 133,
    "[OFFSET_BIN_14]": 134,
    "[OFFSET_BIN_15]": 135,
    "[DURATION_BIN_0]": 136,
    "[DURATION_BIN_1]": 137,
    "[DURATION_BIN_2]": 138,
    "[DURATION_BIN_3]": 139,
    "[DURATION_BIN_4]": 140,
    "[DURATION_BIN_5]": 141,
    "[DURATION_BIN_6]": 142,
    "[DURATION_BIN_7]": 143,
    "[DURATION_BIN_8]": 144,
    "[DURATION_BIN_9]": 145,
    "[DURATION_BIN_10]": 146,
    "[DURATION_BIN_11]": 147,
    "[DURATION_BIN_12]": 148,
    "[DURATION_BIN_13]": 149,
    "[DURATION_BIN_14]": 150,
    "[DURATION_BIN_15]": 151,
    "[DURATION_BIN_16]": 152,
    "[DURATION_BIN_17]": 153,
    "[DURATION_BIN_18]": 154,
    "[DURATION_BIN_19]": 155,
    "[DURATION_BIN_20]": 156,
    "[DURATION_BIN_21]": 157,
    "[DURATION_BIN_22]": 158,
    "[DURATION_BIN_23]": 159,
    "[DURATION_BIN_24]": 160,
    "[DURATION_BIN_25]": 161,
    "[DURATION_BIN_26]": 162,
    "[DURATION_BIN_27]": 163,
    "[DURATION_BIN_28]": 164,
    "[DURATION_BIN_29]": 165,
    "[DURATION_BIN_30]": 166,
    "[DURATION_BIN_31]": 167
  },
  "id_to_token": {
    "0": "[PAD]",
    "1": "[UNK]",
    "2": "[BOS]",
    "3": "[EOS]",
    "4": "[BAR_START]",
    "5": "[LINE_START]",
    "6": "[SEP_INPUT_FLOW]",
    "7": "[END_KICK_EVENTS]",
    "8": "[END_SNARE_EVENTS]",
    "9": "[END_HIHAT_EVENTS]",
    "10": "[END_BASS_EVENTS]",
    "11": "[NO_KICK_EVENTS]",
    "12": "[NO_SNARE_EVENTS]",
    "13": "[NO_HIHAT_EVENTS]",
    "14": "[NO_BASS_EVENTS]",
    "15": "[BPM_0_79]",
    "16": "[BPM_80_89]",
    "17": "[BPM_90_99]",
    "18": "[BPM_100_109]",
    "19": "[BPM_110_119]",
    "20": "[BPM_120_129]",
    "21": "[BPM_130_139]",
    "22": "[BPM_140_149]",
    "23": "[BPM_150_159]",
    "24": "[BPM_160_169]",
    "25": "[BPM_170_179]",
    "26": "[BPM_180_250]",
    "27": "[BPM_UNKNOWN]",
    "28": "[TIMESIG_4_4]",
    "29": "[TIMESIG_3_4]",
    "30": "[TIMESIG_OTHER]",
    "31": "[KICK_AT_0]",
    "32": "[KICK_AT_1]",
    "33": "[KICK_AT_2]",
    "34": "[KICK_AT_3]",
    "35": "[KICK_AT_4]",
    "36": "[KICK_AT_5]",
    "37": "[KICK_AT_6]",
    "38": "[KICK_AT_7]",
    "39": "[KICK_AT_8]",
    "40": "[KICK_AT_9]",
    "41": "[KICK_AT_10]",
    "42": "[KICK_AT_11]",
    "43": "[KICK_AT_12]",
    "44": "[KICK_AT_13]",
    "45": "[KICK_AT_14]",
    "46": "[KICK_AT_15]",
    "47": "[SNARE_AT_0]",
    "48": "[SNARE_AT_1]",
    "49": "[SNARE_AT_2]",
    "50": "[SNARE_AT_3]",
    "51": "[SNARE_AT_4]",
    "52": "[SNARE_AT_5]",
    "53": "[SNARE_AT_6]",
    "54": "[SNARE_AT_7]",
    "55": "[SNARE_AT_8]",
    "56": "[SNARE_AT_9]",
    "57": "[SNARE_AT_10]",
    "58": "[SNARE_AT_11]",
    "59": "[SNARE_AT_12]",
    "60": "[SNARE_AT_13]",
    "61": "[SNARE_AT_14]",
    "62": "[SNARE_AT_15]",
    "63": "[HIHAT_AT_0]",
    "64": "[HIHAT_AT_1]",
    "65": "[HIHAT_AT_2]",
    "66": "[HIHAT_AT_3]",
    "67": "[HIHAT_AT_4]",
    "68": "[HIHAT_AT_5]",
    "69": "[HIHAT_AT_6]",
    "70": "[HIHAT_AT_7]",
    "71": "[HIHAT_AT_8]",
    "72": "[HIHAT_AT_9]",
    "73": "[HIHAT_AT_10]",
    "74": "[HIHAT_AT_11]",
    "75": "[HIHAT_AT_12]",
    "76": "[HIHAT_AT_13]",
    "77": "[HIHAT_AT_14]",
    "78": "[HIHAT_AT_15]",
    "79": "[BASS_AT_0]",
    "80": "[BASS_AT_1]",
    "81": "[BASS_AT_2]",
    "82": "[BASS_AT_3]",
    "83": "[BASS_AT_4]",
    "84": "[BASS_AT_5]",
    "85": "[BASS_AT_6]",
    "86": "[BASS_AT_7]",
    "87": "[BASS_AT_8]",
    "88": "[BASS_AT_9]",
    "89": "[BASS_AT_10]",
    "90": "[BASS_AT_11]",
    "91": "[BASS_AT_12]",
    "92": "[BASS_AT_13]",
    "93": "[BASS_AT_14]",
    "94": "[BASS_AT_15]",
    "95": "[SYLLABLES_0]",
    "96": "[SYLLABLES_1]",
    "97": "[SYLLABLES_2]",
    "98": "[SYLLABLES_3]",
    "99": "[SYLLABLES_4]",
    "100": "[SYLLABLES_5]",
    "101": "[SYLLABLES_6]",
    "102": "[SYLLABLES_7]",
    "103": "[SYLLABLES_8]",
    "104": "[SYLLABLES_9]",
    "105": "[SYLLABLES_10]",
    "106": "[SYLLABLES_11]",
    "107": "[SYLLABLES_12]",
    "108": "[SYLLABLES_13]",
    "109": "[SYLLABLES_14]",
    "110": "[SYLLABLES_15]",
    "111": "[SYLLABLES_16]",
    "112": "[SYLLABLES_17]",
    "113": "[SYLLABLES_18]",
    "114": "[SYLLABLES_19]",
    "115": "[SYLLABLES_20]",
    "116": "[SYLLABLES_21]",
    "117": "[SYLLABLES_22]",
    "118": "[SYLLABLES_23]",
    "119": "[SYLLABLES_24]",
    "120": "[OFFSET_BIN_0]",
    "121": "[OFFSET_BIN_1]",
    "122": "[OFFSET_BIN_2]",
    "123": "[OFFSET_BIN_3]",
    "124": "[OFFSET_BIN_4]",
    "125": "[OFFSET_BIN_5]",
    "126": "[OFFSET_BIN_6]",
    "127": "[OFFSET_BIN_7]",
    "128": "[OFFSET_BIN_8]",
    "129": "[OFFSET_BIN_9]",
    "130": "[OFFSET_BIN_10]",
    "131": "[OFFSET_BIN_11]",
    "132": "[OFFSET_BIN_12]",
    "133": "[OFFSET_BIN_13]",
    "134": "[OFFSET_BIN_14]",
    "135": "[OFFSET_BIN_15]",
    "136": "[DURATION_BIN_0]",
    "137": "[DURATION_BIN_1]",
    "138": "[DURATION_BIN_2]",
    "139": "[DURATION_BIN_3]",
    "140": "[DURATION_BIN_4]",
    "141": "[DURATION_BIN_5]",
    "142": "[DURATION_BIN_6]",
    "143": "[DURATION_BIN_7]",
    "144": "[DURATION_BIN_8]",
    "145": "[DURATION_BIN_9]",
    "146": "[DURATION_BIN_10]",
    "147": "[DURATION_BIN_11]",
    "148": "[DURATION_BIN_12]",
    "149": "[DURATION_BIN_13]",
    "150": "[DURATION_BIN_14]",
    "151": "[DURATION_BIN_15]",
    "152": "[DURATION_BIN_16]",
    "153": "[DURATION_BIN_17]",
    "154": "[DURATION_BIN_18]",
    "155": "[DURATION_BIN_19]",
    "156": "[DURATION_BIN_20]",
    "157": "[DURATION_BIN_21]",
    "158": "[DURATION_BIN_22]",
    "159": "[DURATION_BIN_23]",
    "160": "[DURATION_BIN_24]",
    "161": "[DURATION_BIN_25]",
    "162": "[DURATION_BIN_26]",
    "163": "[DURATION_BIN_27]",
    "164": "[DURATION_BIN_28]",
    "165": "[DURATION_BIN_29]",
    "166": "[DURATION_BIN_30]",
    "167": "[DURATION_BIN_31]"
  },
  "config_params": {
    "max_syllables": 24,
    "num_offset_bins": 16,
    "num_duration_bins": 32,
    "bpm_bins": [
      [
        0,
        79
      ],
      [
        80,
        89
      ],
      [
        90,
        99
      ],
      [
        100,
        109
      ],
      [
        110,
        119
      ],
      [
        120,
        129
      ],
      [
        130,
        139
      ],
      [
        140,
        149
      ],
      [
        150,
        159
      ],
      [
        160,
        169
      ],
      [
        170,
        179
      ],
      [
        180,
        250
      ]
    ],
    "max_subdivisions": 16,
    "flow_offset_max_beats": 4.0,
    "flow_duration_max_beats": 8.0
  }
}